o,d,tot,dl,share
ABE,ORD,52,0.0,0.0
ABQ,DEN,210,0.0,0.0
ABQ,IAH,8,0.0,0.0
ABQ,LAX,403,244.0,0.6054590570719603
ABQ,ORD,64,0.0,0.0
ABQ,PHX,133,0.0,0.0
ABQ,SFO,162,0.0,0.0
ABQ,SLC,293,293.0,1.0
ABR,MSP,184,184.0,1.0
ABY,ATL,161,161.0,1.0
ACK,ORD,8,0.0,0.0
ACT,DFW,186,0.0,0.0
ACV,DEN,93,0.0,0.0
ACV,LAX,93,0.0,0.0
ACV,SFO,301,0.0,0.0
AEX,DFW,158,0.0,0.0
AGS,ATL,49,49.0,1.0
ALB,DTW,220,220.0,1.0
ALB,ORD,41,0.0,0.0
AMA,DEN,181,0.0,0.0
AMA,DFW,15,0.0,0.0
AMA,IAH,27,0.0,0.0
APN,DTW,159,159.0,1.0
ASE,ATL,155,155.0,1.0
ASE,AUS,93,0.0,0.0
ASE,CLT,14,0.0,0.0
ASE,DEN,780,0.0,0.0
ASE,DFW,442,0.0,0.0
ASE,IAH,250,0.0,0.0
ASE,LAX,461,93.0,0.2017353579175705
ASE,ORD,351,0.0,0.0
ASE,PHX,62,0.0,0.0
ASE,SFO,163,0.0,0.0
ATL,ABY,162,162.0,1.0
ATL,AGS,49,49.0,1.0
ATL,ASE,155,155.0,1.0
ATL,ATW,31,31.0,1.0
ATL,AVL,4,4.0,1.0
ATL,BMI,57,57.0,1.0
ATL,BQK,4,4.0,1.0
ATL,BTR,1,1.0,1.0
ATL,CHA,52,52.0,1.0
ATL,CHS,1,1.0,1.0
ATL,CRW,157,157.0,1.0
ATL,DHN,47,47.0,1.0
ATL,EVV,91,91.0,1.0
ATL,FAR,27,27.0,1.0
ATL,FAY,44,44.0,1.0
ATL,FWA,261,261.0,1.0
ATL,GNV,4,4.0,1.0
ATL,HPN,22,22.0,1.0
ATL,IAH,5,0.0,0.0
ATL,ILM,10,10.0,1.0
ATL,LEX,11,11.0,1.0
ATL,LFT,103,103.0,1.0
ATL,MEM,4,4.0,1.0
ATL,MGM,139,139.0,1.0
ATL,MOB,48,48.0,1.0
ATL,OAJ,1,1.0,1.0
ATL,ORD,1,0.0,0.0
ATL,SBN,262,262.0,1.0
ATL,SGF,65,65.0,1.0
ATL,SHV,249,249.0,1.0
ATL,TRI,28,28.0,1.0
ATL,XNA,119,119.0,1.0
ATW,ATL,31,31.0,1.0
ATW,DEN,110,0.0,0.0
ATW,DTW,249,249.0,1.0
ATW,MSP,227,227.0,1.0
ATW,ORD,422,0.0,0.0
ATY,DEN,30,0.0,0.0
ATY,MSP,31,31.0,1.0
AUS,ASE,93,0.0,0.0
AUS,BNA,257,257.0,1.0
AUS,CVG,31,31.0,1.0
AUS,DEN,67,62.0,0.9253731343283582
AUS,DFW,98,0.0,0.0
AUS,ECP,39,39.0,1.0
AUS,HRL,31,31.0,1.0
AUS,IAH,39,0.0,0.0
AUS,IND,62,62.0,1.0
AUS,JAX,62,62.0,1.0
AUS,LAX,186,0.0,0.0
AUS,MAF,147,147.0,1.0
AUS,MEM,62,62.0,1.0
AUS,MFE,257,257.0,1.0
AUS,MSP,44,44.0,1.0
AUS,MSY,93,93.0,1.0
AUS,PSP,31,31.0,1.0
AUS,RDU,53,53.0,1.0
AUS,SAN,209,0.0,0.0
AUS,SFO,6,0.0,0.0
AUS,SLC,31,31.0,1.0
AVL,ATL,4,4.0,1.0
AVL,DEN,50,0.0,0.0
AVL,ORD,113,0.0,0.0
AZO,DTW,245,245.0,1.0
BDL,DTW,1,1.0,1.0
BDL,ORD,38,0.0,0.0
BFF,DEN,158,0.0,0.0
BFL,DEN,187,0.0,0.0
BFL,PHX,121,0.0,0.0
BFL,SFO,155,0.0,0.0
BGM,DTW,58,58.0,1.0
BHM,CLT,31,0.0,0.0
BHM,DEN,186,0.0,0.0
BHM,DFW,5,0.0,0.0
BHM,DTW,96,96.0,1.0
BHM,IAH,26,0.0,0.0
BHM,ORD,8,0.0,0.0
BIH,DEN,71,0.0,0.0
BIH,SFO,82,0.0,0.0
BIL,DEN,245,0.0,0.0
BIL,ORD,31,0.0,0.0
BIL,SLC,173,173.0,1.0
BIS,DEN,397,0.0,0.0
BIS,DIK,1,0.0,0.0
BIS,MSP,192,192.0,1.0
BJI,MSP,184,184.0,1.0
BLI,SEA,335,0.0,0.0
BMI,ATL,57,57.0,1.0
BNA,AUS,256,256.0,1.0
BNA,DFW,39,0.0,0.0
BNA,DTW,3,3.0,1.0
BNA,IAH,101,0.0,0.0
BNA,JFK,9,9.0,1.0
BNA,LGA,86,86.0,1.0
BNA,ORD,406,0.0,0.0
BOI,BUR,42,0.0,0.0
BOI,DEN,192,0.0,0.0
BOI,GEG,67,0.0,0.0
BOI,LAS,46,0.0,0.0
BOI,LAX,341,125.0,0.36656891495601174
BOI,ORD,151,0.0,0.0
BOI,PDX,171,0.0,0.0
BOI,PHX,262,0.0,0.0
BOI,SAN,128,0.0,0.0
BOI,SEA,756,592.0,0.783068783068783
BOI,SFO,343,0.0,0.0
BOI,SJC,80,0.0,0.0
BOI,SLC,98,98.0,1.0
BOI,SMF,15,0.0,0.0
BPT,DFW,135,0.0,0.0
BQK,ATL,4,4.0,1.0
BRD,MSP,160,160.0,1.0
BRO,DFW,102,0.0,0.0
BTM,DEN,90,0.0,0.0
BTM,SLC,90,90.0,1.0
BTR,ATL,1,1.0,1.0
BTR,DFW,78,0.0,0.0
BTR,IAH,130,0.0,0.0
BTV,DTW,121,121.0,1.0
BTV,ORD,74,0.0,0.0
BUF,DTW,43,43.0,1.0
BUF,JFK,3,3.0,1.0
BUF,LGA,23,23.0,1.0
BUF,ORD,55,0.0,0.0
BUR,BOI,42,0.0,0.0
BUR,EUG,6,0.0,0.0
BUR,PDX,4,0.0,0.0
BUR,PHX,183,0.0,0.0
BUR,PSC,31,0.0,0.0
BUR,RDM,31,0.0,0.0
BUR,SFO,366,0.0,0.0
BUR,SLC,214,214.0,1.0
BUR,STS,85,0.0,0.0
BWI,ORD,15,0.0,0.0
BZN,DEN,85,0.0,0.0
BZN,LAX,125,62.0,0.496
BZN,ORD,37,0.0,0.0
BZN,PDX,4,0.0,0.0
BZN,SAN,24,0.0,0.0
BZN,SEA,182,160.0,0.8791208791208791
BZN,SFO,3,0.0,0.0
BZN,SLC,170,170.0,1.0
CAE,ORD,106,0.0,0.0
CAK,ORD,314,0.0,0.0
CDC,SLC,160,160.0,1.0
CHA,ATL,51,51.0,1.0
CHA,CLT,30,0.0,0.0
CHA,DFW,30,0.0,0.0
CHA,ORD,118,0.0,0.0
CHO,ORD,208,0.0,0.0
CHS,ATL,1,1.0,1.0
CHS,DTW,133,133.0,1.0
CID,DEN,26,0.0,0.0
CID,MSP,122,122.0,1.0
CID,ORD,184,0.0,0.0
CID,PHX,158,0.0,0.0
CIU,DTW,92,92.0,1.0
CIU,MSP,93,93.0,1.0
CIU,ORD,31,0.0,0.0
CLE,DTW,229,229.0,1.0
CLE,LGA,22,22.0,1.0
CLE,MSP,47,47.0,1.0
CLE,ORD,217,0.0,0.0
CLL,DFW,84,0.0,0.0
CLT,ASE,14,0.0,0.0
CLT,BHM,31,0.0,0.0
CLT,CHA,30,0.0,0.0
CLT,IAH,20,0.0,0.0
CLT,ORD,25,0.0,0.0
CLT,RIC,15,0.0,0.0
CLT,SHV,91,0.0,0.0
CMH,DTW,89,89.0,1.0
CMH,IAH,4,0.0,0.0
CMH,MSP,10,10.0,1.0
CMH,ORD,122,0.0,0.0
CMX,ORD,207,0.0,0.0
COD,DEN,247,0.0,0.0
COS,DEN,812,0.0,0.0
COS,DFW,181,0.0,0.0
COS,IAH,69,0.0,0.0
COS,ORD,166,0.0,0.0
COS,SLC,148,148.0,1.0
COU,DEN,31,0.0,0.0
COU,DFW,58,0.0,0.0
COU,ORD,93,0.0,0.0
CPR,DEN,613,0.0,0.0
CRP,DFW,14,0.0,0.0
CRP,IAH,109,0.0,0.0
CRW,ATL,157,157.0,1.0
CRW,ORD,219,0.0,0.0
CVG,AUS,31,31.0,1.0
CVG,MSP,4,4.0,1.0
CVG,ORD,128,0.0,0.0
CVG,RDU,26,26.0,1.0
CYS,DEN,192,0.0,0.0
DAY,DEN,56,0.0,0.0
DAY,ORD,158,0.0,0.0
DCA,ORD,30,0.0,0.0
DDC,DEN,160,0.0,0.0
DEC,ORD,160,0.0,0.0
DEN,ABQ,210,0.0,0.0
DEN,ACV,94,0.0,0.0
DEN,AMA,182,0.0,0.0
DEN,ASE,780,0.0,0.0
DEN,ATW,110,0.0,0.0
DEN,ATY,30,0.0,0.0
DEN,AUS,66,62.0,0.9393939393939394
DEN,AVL,50,0.0,0.0
DEN,BFF,158,0.0,0.0
DEN,BFL,186,0.0,0.0
DEN,BHM,186,0.0,0.0
DEN,BIH,72,0.0,0.0
DEN,BIL,245,0.0,0.0
DEN,BIS,397,0.0,0.0
DEN,BOI,192,0.0,0.0
DEN,BTM,91,0.0,0.0
DEN,BZN,84,0.0,0.0
DEN,CID,26,0.0,0.0
DEN,COD,247,0.0,0.0
DEN,COS,810,0.0,0.0
DEN,COU,31,0.0,0.0
DEN,CPR,613,0.0,0.0
DEN,CYS,192,0.0,0.0
DEN,DAY,57,0.0,0.0
DEN,DDC,160,0.0,0.0
DEN,DFW,4,0.0,0.0
DEN,DIK,176,0.0,0.0
DEN,DRO,361,0.0,0.0
DEN,DSM,250,0.0,0.0
DEN,DVL,133,0.0,0.0
DEN,EAR,158,0.0,0.0
DEN,EGE,188,0.0,0.0
DEN,ELP,40,0.0,0.0
DEN,EUG,31,0.0,0.0
DEN,FAR,221,0.0,0.0
DEN,FAT,216,0.0,0.0
DEN,FCA,56,0.0,0.0
DEN,FMN,62,0.0,0.0
DEN,FSD,329,0.0,0.0
DEN,GCC,186,0.0,0.0
DEN,GEG,48,0.0,0.0
DEN,GJT,362,0.0,0.0
DEN,GSO,67,0.0,0.0
DEN,GSP,62,0.0,0.0
DEN,GTF,113,0.0,0.0
DEN,GUC,279,0.0,0.0
DEN,HDN,53,0.0,0.0
DEN,HLN,215,0.0,0.0
DEN,HOB,93,0.0,0.0
DEN,HSV,186,0.0,0.0
DEN,HYS,160,0.0,0.0
DEN,ICT,308,0.0,0.0
DEN,IDA,405,0.0,0.0
DEN,ILM,4,0.0,0.0
DEN,JAC,99,0.0,0.0
DEN,JLN,91,0.0,0.0
DEN,JMS,137,0.0,0.0
DEN,LAR,160,0.0,0.0
DEN,LAX,342,127.0,0.3713450292397661
DEN,LBB,181,0.0,0.0
DEN,LBF,159,0.0,0.0
DEN,LBL,160,0.0,0.0
DEN,LEX,93,0.0,0.0
DEN,LIT,273,0.0,0.0
DEN,LNK,402,0.0,0.0
DEN,LWS,31,0.0,0.0
DEN,MAF,289,0.0,0.0
DEN,MCI,66,0.0,0.0
DEN,MFR,56,0.0,0.0
DEN,MKE,92,0.0,0.0
DEN,MLI,93,0.0,0.0
DEN,MOT,283,0.0,0.0
DEN,MRY,186,0.0,0.0
DEN,MSN,26,0.0,0.0
DEN,MSO,116,0.0,0.0
DEN,MSP,19,0.0,0.0
DEN,MTJ,36,0.0,0.0
DEN,OKC,384,0.0,0.0
DEN,OMA,71,0.0,0.0
DEN,OTH,31,0.0,0.0
DEN,PDX,2,0.0,0.0
DEN,PIA,62,0.0,0.0
DEN,PIR,53,0.0,0.0
DEN,PRC,124,0.0,0.0
DEN,PSC,124,0.0,0.0
DEN,PSP,147,0.0,0.0
DEN,RAP,542,0.0,0.0
DEN,RDD,62,0.0,0.0
DEN,RIW,186,0.0,0.0
DEN,RKS,186,0.0,0.0
DEN,SAF,375,0.0,0.0
DEN,SAN,36,0.0,0.0
DEN,SAT,4,0.0,0.0
DEN,SAV,54,0.0,0.0
DEN,SBP,93,0.0,0.0
DEN,SEA,106,106.0,1.0
DEN,SGF,310,0.0,0.0
DEN,SGU,268,0.0,0.0
DEN,SHR,186,0.0,0.0
DEN,SHV,93,0.0,0.0
DEN,SLC,290,0.0,0.0
DEN,SLN,93,0.0,0.0
DEN,STL,31,0.0,0.0
DEN,SUN,186,0.0,0.0
DEN,SUX,119,0.0,0.0
DEN,TUL,304,0.0,0.0
DEN,TUS,168,0.0,0.0
DEN,TYS,148,0.0,0.0
DEN,WYS,36,0.0,0.0
DEN,XNA,187,0.0,0.0
DEN,XWA,362,0.0,0.0
DFW,ACT,186,0.0,0.0
DFW,AEX,158,0.0,0.0
DFW,AMA,14,0.0,0.0
DFW,ASE,441,0.0,0.0
DFW,AUS,98,0.0,0.0
DFW,BHM,5,0.0,0.0
DFW,BNA,40,0.0,0.0
DFW,BPT,134,0.0,0.0
DFW,BRO,101,0.0,0.0
DFW,BTR,78,0.0,0.0
DFW,CHA,30,0.0,0.0
DFW,CLL,85,0.0,0.0
DFW,COS,181,0.0,0.0
DFW,COU,58,0.0,0.0
DFW,CRP,14,0.0,0.0
DFW,DEN,5,0.0,0.0
DFW,DRO,289,0.0,0.0
DFW,FLG,100,0.0,0.0
DFW,FSD,9,0.0,0.0
DFW,GCK,62,0.0,0.0
DFW,GGG,62,0.0,0.0
DFW,GJT,92,0.0,0.0
DFW,GPT,8,0.0,0.0
DFW,GRI,186,0.0,0.0
DFW,GRK,125,0.0,0.0
DFW,GTR,62,0.0,0.0
DFW,GUC,54,0.0,0.0
DFW,HOU,110,0.0,0.0
DFW,HRL,13,0.0,0.0
DFW,IAH,14,0.0,0.0
DFW,ICT,73,0.0,0.0
DFW,IDA,124,0.0,0.0
DFW,JAN,59,0.0,0.0
DFW,LAW,93,0.0,0.0
DFW,LBB,152,0.0,0.0
DFW,LCH,185,0.0,0.0
DFW,LEX,27,0.0,0.0
DFW,LFT,82,0.0,0.0
DFW,LIT,39,0.0,0.0
DFW,LRD,57,0.0,0.0
DFW,MAF,138,0.0,0.0
DFW,MCI,7,0.0,0.0
DFW,MEM,15,0.0,0.0
DFW,MFE,11,0.0,0.0
DFW,MGM,48,0.0,0.0
DFW,MHK,93,0.0,0.0
DFW,MSP,1,0.0,0.0
DFW,OKC,30,0.0,0.0
DFW,OMA,2,0.0,0.0
DFW,PVU,248,0.0,0.0
DFW,ROW,236,0.0,0.0
DFW,SAF,402,0.0,0.0
DFW,SAT,81,0.0,0.0
DFW,SBN,243,0.0,0.0
DFW,SFO,4,0.0,0.0
DFW,SGU,155,0.0,0.0
DFW,SHV,271,0.0,0.0
DFW,SJT,278,0.0,0.0
DFW,SPS,112,0.0,0.0
DFW,STL,39,0.0,0.0
DFW,SWO,124,0.0,0.0
DFW,TLH,4,0.0,0.0
DFW,TUL,39,0.0,0.0
DFW,TXK,62,0.0,0.0
DFW,TYR,185,0.0,0.0
DFW,TYS,4,0.0,0.0
DFW,XNA,11,0.0,0.0
DFW,YUM,67,0.0,0.0
DHN,ATL,47,47.0,1.0
DIK,DEN,176,0.0,0.0
DLH,MSP,241,241.0,1.0
DLH,ORD,225,0.0,0.0
DRO,DEN,361,0.0,0.0
DRO,DFW,289,0.0,0.0
DRO,PHX,233,0.0,0.0
DSM,DEN,251,0.0,0.0
DSM,LAX,31,0.0,0.0
DSM,ORD,214,0.0,0.0
DSM,PHX,36,0.0,0.0
DTW,ALB,222,222.0,1.0
DTW,APN,159,159.0,1.0
DTW,ATW,249,249.0,1.0
DTW,AZO,245,245.0,1.0
DTW,BDL,1,1.0,1.0
DTW,BGM,58,58.0,1.0
DTW,BHM,97,97.0,1.0
DTW,BNA,3,3.0,1.0
DTW,BTV,121,121.0,1.0
DTW,BUF,43,43.0,1.0
DTW,CHS,133,133.0,1.0
DTW,CIU,92,92.0,1.0
DTW,CLE,228,228.0,1.0
DTW,CMH,89,89.0,1.0
DTW,ELM,202,202.0,1.0
DTW,ESC,93,93.0,1.0
DTW,FWA,144,144.0,1.0
DTW,GRB,151,151.0,1.0
DTW,GRR,241,241.0,1.0
DTW,GSO,95,95.0,1.0
DTW,GSP,82,82.0,1.0
DTW,HPN,91,91.0,1.0
DTW,HSV,28,28.0,1.0
DTW,IAD,248,248.0,1.0
DTW,IMT,93,93.0,1.0
DTW,IND,85,85.0,1.0
DTW,LAN,250,250.0,1.0
DTW,LEX,142,142.0,1.0
DTW,MBS,293,293.0,1.0
DTW,MCI,6,6.0,1.0
DTW,MDT,82,82.0,1.0
DTW,MDW,145,145.0,1.0
DTW,MEM,40,40.0,1.0
DTW,MKE,220,220.0,1.0
DTW,MQT,93,93.0,1.0
DTW,MSN,201,201.0,1.0
DTW,OMA,282,282.0,1.0
DTW,ORD,473,44.0,0.09302325581395349
DTW,ORF,57,57.0,1.0
DTW,PHL,22,22.0,1.0
DTW,PIT,175,175.0,1.0
DTW,PLN,169,169.0,1.0
DTW,PVD,137,137.0,1.0
DTW,PWM,41,41.0,1.0
DTW,RIC,150,150.0,1.0
DTW,ROC,114,114.0,1.0
DTW,SAV,33,33.0,1.0
DTW,SBN,151,151.0,1.0
DTW,SDF,132,132.0,1.0
DTW,STL,42,42.0,1.0
DTW,SYR,107,107.0,1.0
DTW,TVC,173,173.0,1.0
DVL,DEN,137,0.0,0.0
DVL,JMS,27,0.0,0.0
EAR,DEN,158,0.0,0.0
EAU,ORD,159,0.0,0.0
ECP,AUS,39,39.0,1.0
ECP,IAH,29,0.0,0.0
ECP,ORD,29,0.0,0.0
EGE,DEN,188,0.0,0.0
EGE,LAX,142,62.0,0.43661971830985913
EGE,MSP,9,9.0,1.0
EGE,PHX,67,0.0,0.0
EGE,SAN,29,0.0,0.0
EGE,SEA,26,0.0,0.0
EGE,SFO,62,0.0,0.0
EKO,SLC,128,128.0,1.0
ELM,DTW,202,202.0,1.0
ELP,DEN,41,0.0,0.0
ELP,IAH,16,0.0,0.0
ELP,LAX,184,0.0,0.0
ELP,ORD,35,0.0,0.0
ELP,PHX,214,0.0,0.0
ESC,DTW,93,93.0,1.0
ESC,MSP,68,68.0,1.0
EUG,BUR,6,0.0,0.0
EUG,DEN,31,0.0,0.0
EUG,LAX,91,0.0,0.0
EUG,PDX,78,0.0,0.0
EUG,SAN,57,0.0,0.0
EUG,SEA,346,259.0,0.7485549132947977
EUG,SFO,87,0.0,0.0
EUG,SLC,186,186.0,1.0
EVV,ATL,92,92.0,1.0
FAR,ATL,26,26.0,1.0
FAR,DEN,219,0.0,0.0
FAR,MSP,197,197.0,1.0
FAR,ORD,271,0.0,0.0
FAT,DEN,217,0.0,0.0
FAT,LAX,258,0.0,0.0
FAT,PDX,165,0.0,0.0
FAT,PHX,183,0.0,0.0
FAT,SAN,239,0.0,0.0
FAT,SEA,159,0.0,0.0
FAT,SFO,299,0.0,0.0
FAT,SLC,314,314.0,1.0
FAY,ATL,44,44.0,1.0
FCA,DEN,56,0.0,0.0
FCA,LAX,40,0.0,0.0
FCA,MSP,3,3.0,1.0
FCA,ORD,38,0.0,0.0
FCA,PDX,6,0.0,0.0
FCA,SAN,18,0.0,0.0
FCA,SEA,6,0.0,0.0
FCA,SFO,67,0.0,0.0
FCA,SLC,201,201.0,1.0
FLG,DFW,101,0.0,0.0
FLG,LAX,1,0.0,0.0
FLG,PHX,258,0.0,0.0
FMN,DEN,62,0.0,0.0
FNT,ORD,392,0.0,0.0
FOD,ORD,160,0.0,0.0
FSD,DEN,331,0.0,0.0
FSD,DFW,9,0.0,0.0
FSD,MSP,93,93.0,1.0
FSD,ORD,203,0.0,0.0
FSD,PHX,61,0.0,0.0
FWA,ATL,261,261.0,1.0
FWA,DTW,143,143.0,1.0
FWA,MSP,93,93.0,1.0
FWA,ORD,414,0.0,0.0
GCC,DEN,186,0.0,0.0
GCK,DFW,62,0.0,0.0
GEG,BOI,67,0.0,0.0
GEG,DEN,48,0.0,0.0
GEG,LAX,127,127.0,1.0
GEG,ORD,91,0.0,0.0
GEG,PDX,110,0.0,0.0
GEG,SEA,806,660.0,0.8188585607940446
GEG,SFO,189,0.0,0.0
GEG,SLC,169,169.0,1.0
GFK,MSP,147,147.0,1.0
GGG,DFW,62,0.0,0.0
GJT,DEN,361,0.0,0.0
GJT,DFW,92,0.0,0.0
GJT,PHX,240,0.0,0.0
GJT,SLC,140,140.0,1.0
GNV,ATL,4,4.0,1.0
GPT,DFW,9,0.0,0.0
GRB,DTW,151,151.0,1.0
GRB,MSP,155,155.0,1.0
GRB,ORD,319,0.0,0.0
GRI,DFW,186,0.0,0.0
GRK,DFW,126,0.0,0.0
GRR,DTW,240,240.0,1.0
GRR,IAH,1,0.0,0.0
GRR,LGA,4,4.0,1.0
GRR,MSP,111,111.0,1.0
GRR,ORD,180,0.0,0.0
GSO,DEN,68,0.0,0.0
GSO,DTW,94,94.0,1.0
GSO,ORD,103,0.0,0.0
GSP,DEN,62,0.0,0.0
GSP,DTW,83,83.0,1.0
GSP,IAH,6,0.0,0.0
GSP,ORD,69,0.0,0.0
GTF,DEN,112,0.0,0.0
GTF,MSP,62,62.0,1.0
GTF,ORD,4,0.0,0.0
GTF,SEA,51,0.0,0.0
GTF,SLC,262,262.0,1.0
GTR,DFW,62,0.0,0.0
GUC,DEN,279,0.0,0.0
GUC,DFW,54,0.0,0.0
GUC,ORD,2,0.0,0.0
HDN,DEN,54,0.0,0.0
HDN,IAH,16,0.0,0.0
HDN,LAX,50,0.0,0.0
HDN,SAN,26,0.0,0.0
HDN,SEA,13,0.0,0.0
HDN,SFO,12,0.0,0.0
HIB,MSP,159,159.0,1.0
HLN,DEN,215,0.0,0.0
HLN,SEA,26,0.0,0.0
HLN,SLC,184,184.0,1.0
HOB,DEN,93,0.0,0.0
HOB,IAH,93,0.0,0.0
HOU,DFW,110,0.0,0.0
HPN,ATL,22,22.0,1.0
HPN,DTW,91,91.0,1.0
HRL,AUS,31,31.0,1.0
HRL,DFW,13,0.0,0.0
HRL,IAH,5,0.0,0.0
HSV,DEN,186,0.0,0.0
HSV,DTW,28,28.0,1.0
HSV,ORD,206,0.0,0.0
HYS,DEN,160,0.0,0.0
IAD,DTW,247,247.0,1.0
IAD,JST,92,0.0,0.0
IAD,MGW,92,0.0,0.0
IAD,MSP,177,177.0,1.0
IAH,ABQ,7,0.0,0.0
IAH,AMA,26,0.0,0.0
IAH,ASE,250,0.0,0.0
IAH,ATL,5,0.0,0.0
IAH,AUS,39,0.0,0.0
IAH,BHM,26,0.0,0.0
IAH,BNA,101,0.0,0.0
IAH,BTR,131,0.0,0.0
IAH,CLT,20,0.0,0.0
IAH,CMH,4,0.0,0.0
IAH,COS,67,0.0,0.0
IAH,CRP,110,0.0,0.0
IAH,DFW,14,0.0,0.0
IAH,ECP,29,0.0,0.0
IAH,ELP,16,0.0,0.0
IAH,GSP,5,0.0,0.0
IAH,HDN,16,0.0,0.0
IAH,HOB,93,0.0,0.0
IAH,HRL,5,0.0,0.0
IAH,ICT,141,0.0,0.0
IAH,JAN,31,0.0,0.0
IAH,LAX,92,0.0,0.0
IAH,LBB,80,0.0,0.0
IAH,LFT,58,0.0,0.0
IAH,LGA,24,0.0,0.0
IAH,LIT,135,0.0,0.0
IAH,MAF,143,0.0,0.0
IAH,MCI,1,0.0,0.0
IAH,MEI,160,0.0,0.0
IAH,MEM,124,0.0,0.0
IAH,MFE,38,0.0,0.0
IAH,MKE,31,0.0,0.0
IAH,MSP,2,2.0,1.0
IAH,MSY,1,0.0,0.0
IAH,OKC,320,0.0,0.0
IAH,OMA,40,0.0,0.0
IAH,PHX,48,0.0,0.0
IAH,PIB,160,0.0,0.0
IAH,PIT,3,0.0,0.0
IAH,PNS,55,0.0,0.0
IAH,PSP,8,0.0,0.0
IAH,PWM,4,0.0,0.0
IAH,SAF,4,0.0,0.0
IAH,SAT,4,0.0,0.0
IAH,SGF,118,0.0,0.0
IAH,SHV,259,0.0,0.0
IAH,SLC,18,0.0,0.0
IAH,SLN,61,0.0,0.0
IAH,SRQ,2,0.0,0.0
IAH,STL,23,0.0,0.0
IAH,TUL,142,0.0,0.0
IAH,TUS,29,0.0,0.0
IAH,TVC,31,0.0,0.0
IAH,VCT,165,0.0,0.0
IAH,XNA,22,0.0,0.0
ICT,DEN,307,0.0,0.0
ICT,DFW,73,0.0,0.0
ICT,IAH,143,0.0,0.0
ICT,MSP,57,57.0,1.0
ICT,ORD,300,0.0,0.0
ICT,PHX,120,0.0,0.0
IDA,DEN,406,0.0,0.0
IDA,DFW,124,0.0,0.0
IDA,PHX,62,0.0,0.0
IDA,SEA,12,0.0,0.0
IDA,SLC,197,197.0,1.0
ILM,ATL,10,10.0,1.0
ILM,DEN,4,0.0,0.0
ILM,ORD,31,0.0,0.0
IMT,DTW,93,93.0,1.0
IMT,MSP,92,92.0,1.0
IND,AUS,62,62.0,1.0
IND,DTW,85,85.0,1.0
IND,LGA,22,22.0,1.0
IND,MSP,60,60.0,1.0
IND,ORD,139,0.0,0.0
INL,MSP,171,171.0,1.0
JAC,DEN,99,0.0,0.0
JAC,LAX,213,62.0,0.29107981220657275
JAC,SAN,44,0.0,0.0
JAC,SEA,77,0.0,0.0
JAC,SFO,34,0.0,0.0
JAC,SLC,137,137.0,1.0
JAN,DFW,60,0.0,0.0
JAN,IAH,31,0.0,0.0
JAX,AUS,62,62.0,1.0
JAX,ORD,27,0.0,0.0
JFK,BNA,9,9.0,1.0
JFK,BUF,3,3.0,1.0
JFK,MCI,27,27.0,1.0
JFK,MKE,31,31.0,1.0
JFK,MSP,27,27.0,1.0
JFK,ORD,31,31.0,1.0
JFK,RDU,4,4.0,1.0
JLN,DEN,91,0.0,0.0
JLN,ORD,93,0.0,0.0
JMS,DEN,133,0.0,0.0
JMS,DVL,31,0.0,0.0
JST,IAD,92,0.0,0.0
JST,ORD,93,0.0,0.0
LAF,ORD,49,0.0,0.0
LAN,DTW,250,250.0,1.0
LAR,DEN,160,0.0,0.0
LAS,BOI,46,0.0,0.0
LAS,LAX,69,0.0,0.0
LAS,SAN,465,213.0,0.45806451612903226
LAS,SBP,49,0.0,0.0
LAS,SEA,14,0.0,0.0
LAS,SFO,41,0.0,0.0
LAS,SJC,49,43.0,0.8775510204081632
LAS,SLC,3,3.0,1.0
LAS,SMF,171,171.0,1.0
LAS,SNA,209,209.0,1.0
LAS,STS,49,0.0,0.0
LAW,DFW,93,0.0,0.0
LAX,ABQ,401,244.0,0.6084788029925187
LAX,ACV,93,0.0,0.0
LAX,ASE,460,93.0,0.20217391304347826
LAX,AUS,184,0.0,0.0
LAX,BOI,340,125.0,0.36764705882352944
LAX,BZN,126,62.0,0.49206349206349204
LAX,DEN,344,129.0,0.375
LAX,DSM,31,0.0,0.0
LAX,EGE,142,62.0,0.43661971830985913
LAX,ELP,185,0.0,0.0
LAX,EUG,93,0.0,0.0
LAX,FAT,259,0.0,0.0
LAX,FCA,41,0.0,0.0
LAX,FLG,1,0.0,0.0
LAX,GEG,127,127.0,1.0
LAX,HDN,50,0.0,0.0
LAX,IAH,92,0.0,0.0
LAX,JAC,213,62.0,0.29107981220657275
LAX,LAS,68,0.0,0.0
LAX,MRY,185,0.0,0.0
LAX,MSO,31,0.0,0.0
LAX,MTJ,32,0.0,0.0
LAX,OKC,204,0.0,0.0
LAX,OMA,115,0.0,0.0
LAX,PDX,141,0.0,0.0
LAX,PHX,541,403.0,0.744916820702403
LAX,PRC,93,0.0,0.0
LAX,PSC,84,0.0,0.0
LAX,PSP,84,0.0,0.0
LAX,RDD,93,0.0,0.0
LAX,RDM,92,0.0,0.0
LAX,RNO,557,275.0,0.49371633752244165
LAX,SAF,31,0.0,0.0
LAX,SAN,579,315.0,0.5440414507772021
LAX,SAT,154,0.0,0.0
LAX,SBA,179,0.0,0.0
LAX,SBP,176,0.0,0.0
LAX,SEA,301,0.0,0.0
LAX,SFO,578,0.0,0.0
LAX,SGU,92,0.0,0.0
LAX,SJC,626,549.0,0.8769968051118211
LAX,SLC,233,0.0,0.0
LAX,SMF,844,470.0,0.556872037914692
LAX,STL,62,0.0,0.0
LAX,STS,160,0.0,0.0
LAX,SUN,145,9.0,0.06206896551724138
LAX,TUL,87,0.0,0.0
LAX,TUS,541,249.0,0.4602587800369686
LAX,XNA,93,0.0,0.0
LBB,DEN,181,0.0,0.0
LBB,DFW,152,0.0,0.0
LBB,IAH,79,0.0,0.0
LBB,PHX,37,0.0,0.0
LBF,DEN,158,0.0,0.0
LBL,DEN,160,0.0,0.0
LCH,DFW,185,0.0,0.0
LEX,ATL,11,11.0,1.0
LEX,DEN,93,0.0,0.0
LEX,DFW,27,0.0,0.0
LEX,DTW,141,141.0,1.0
LEX,ORD,233,0.0,0.0
LFT,ATL,103,103.0,1.0
LFT,DFW,81,0.0,0.0
LFT,IAH,57,0.0,0.0
LGA,BNA,85,85.0,1.0
LGA,BUF,23,23.0,1.0
LGA,CLE,22,22.0,1.0
LGA,GRR,4,4.0,1.0
LGA,IAH,24,0.0,0.0
LGA,IND,22,22.0,1.0
LGA,MKE,35,35.0,1.0
LGA,OKC,62,62.0,1.0
LGA,OMA,31,31.0,1.0
LGA,ORD,123,49.0,0.3983739837398374
LGA,PIT,27,27.0,1.0
LGA,RDU,28,28.0,1.0
LGA,ROC,27,27.0,1.0
LGA,SDF,27,27.0,1.0
LGB,SLC,160,160.0,1.0
LIT,DEN,270,0.0,0.0
LIT,DFW,39,0.0,0.0
LIT,IAH,138,0.0,0.0
LIT,ORD,23,0.0,0.0
LIT,SLC,31,31.0,1.0
LNK,DEN,402,0.0,0.0
LNK,ORD,280,0.0,0.0
LRD,DFW,56,0.0,0.0
LWS,DEN,31,0.0,0.0
LWS,SEA,93,93.0,1.0
LWS,SLC,93,93.0,1.0
MAF,AUS,147,147.0,1.0
MAF,DEN,289,0.0,0.0
MAF,DFW,136,0.0,0.0
MAF,IAH,143,0.0,0.0
MAF,PHX,93,0.0,0.0
MBS,DTW,293,293.0,1.0
MBS,ORD,265,0.0,0.0
MCI,DEN,66,0.0,0.0
MCI,DFW,7,0.0,0.0
MCI,DTW,6,6.0,1.0
MCI,IAH,1,0.0,0.0
MCI,JFK,27,27.0,1.0
MCI,MSP,24,24.0,1.0
MCI,ORD,142,0.0,0.0
MCI,PHX,34,0.0,0.0
MCI,SFO,99,0.0,0.0
MCW,ORD,160,0.0,0.0
MDT,DTW,83,83.0,1.0
MDT,ORD,39,0.0,0.0
MDW,DTW,145,145.0,1.0
MDW,MSP,257,257.0,1.0
MEI,IAH,160,0.0,0.0
MEM,ATL,4,4.0,1.0
MEM,AUS,62,62.0,1.0
MEM,DFW,15,0.0,0.0
MEM,DTW,40,40.0,1.0
MEM,IAH,125,0.0,0.0
MEM,MSP,142,142.0,1.0
MEM,ORD,134,0.0,0.0
MEM,PHX,9,0.0,0.0
MFE,AUS,257,257.0,1.0
MFE,DFW,11,0.0,0.0
MFE,IAH,37,0.0,0.0
MFR,DEN,57,0.0,0.0
MFR,PDX,25,0.0,0.0
MFR,PHX,133,0.0,0.0
MFR,SEA,277,259.0,0.9350180505415162
MFR,SFO,151,0.0,0.0
MFR,SLC,186,186.0,1.0
MGM,ATL,139,139.0,1.0
MGM,DFW,49,0.0,0.0
MGW,IAD,92,0.0,0.0
MGW,ORD,93,0.0,0.0
MHK,DFW,92,0.0,0.0
MHK,ORD,87,0.0,0.0
MKE,DEN,92,0.0,0.0
MKE,DTW,220,220.0,1.0
MKE,IAH,31,0.0,0.0
MKE,JFK,31,31.0,1.0
MKE,LGA,35,35.0,1.0
MKE,MSP,121,121.0,1.0
MKE,ORD,907,0.0,0.0
MKE,SLC,10,10.0,1.0
MLI,DEN,93,0.0,0.0
MLI,ORD,181,0.0,0.0
MOB,ATL,48,48.0,1.0
MOT,DEN,283,0.0,0.0
MOT,MSP,295,295.0,1.0
MQT,DTW,93,93.0,1.0
MQT,MSP,89,89.0,1.0
MRY,DEN,187,0.0,0.0
MRY,LAX,184,0.0,0.0
MRY,PHX,228,0.0,0.0
MRY,SAN,134,0.0,0.0
MRY,SEA,14,0.0,0.0
MRY,SFO,163,0.0,0.0
MSN,DEN,26,0.0,0.0
MSN,DTW,200,200.0,1.0
MSN,MSP,169,169.0,1.0
MSN,ORD,296,0.0,0.0
MSO,DEN,116,0.0,0.0
MSO,LAX,31,0.0,0.0
MSO,SAN,4,0.0,0.0
MSO,SFO,40,0.0,0.0
MSO,SLC,167,167.0,1.0
MSP,ABR,184,184.0,1.0
MSP,ATW,227,227.0,1.0
MSP,ATY,31,31.0,1.0
MSP,AUS,44,44.0,1.0
MSP,BIS,193,193.0,1.0
MSP,BJI,184,184.0,1.0
MSP,BRD,160,160.0,1.0
MSP,CID,123,123.0,1.0
MSP,CIU,93,93.0,1.0
MSP,CLE,47,47.0,1.0
MSP,CMH,11,11.0,1.0
MSP,CVG,4,4.0,1.0
MSP,DEN,19,0.0,0.0
MSP,DLH,243,243.0,1.0
MSP,EGE,9,9.0,1.0
MSP,ESC,68,68.0,1.0
MSP,FAR,197,197.0,1.0
MSP,FCA,3,3.0,1.0
MSP,FSD,94,94.0,1.0
MSP,FWA,92,92.0,1.0
MSP,GFK,147,147.0,1.0
MSP,GRB,153,153.0,1.0
MSP,GRR,111,111.0,1.0
MSP,GTF,62,62.0,1.0
MSP,HIB,159,159.0,1.0
MSP,IAD,177,177.0,1.0
MSP,IAH,2,2.0,1.0
MSP,ICT,57,57.0,1.0
MSP,IMT,92,92.0,1.0
MSP,IND,60,60.0,1.0
MSP,INL,171,171.0,1.0
MSP,JFK,27,27.0,1.0
MSP,MCI,24,24.0,1.0
MSP,MDW,257,257.0,1.0
MSP,MEM,142,142.0,1.0
MSP,MKE,120,120.0,1.0
MSP,MOT,297,297.0,1.0
MSP,MQT,90,90.0,1.0
MSP,MSN,169,169.0,1.0
MSP,OKC,93,93.0,1.0
MSP,OMA,344,344.0,1.0
MSP,ORD,118,110.0,0.9322033898305084
MSP,ORF,1,1.0,1.0
MSP,PIT,39,39.0,1.0
MSP,PSC,54,54.0,1.0
MSP,RAP,27,27.0,1.0
MSP,RDU,2,2.0,1.0
MSP,RHI,184,184.0,1.0
MSP,RIC,1,1.0,1.0
MSP,RST,45,45.0,1.0
MSP,SBN,93,93.0,1.0
MSP,SDF,132,132.0,1.0
MSP,SFO,94,0.0,0.0
MSP,STL,86,86.0,1.0
MSP,SYR,4,4.0,1.0
MSP,TVC,58,58.0,1.0
MSP,XNA,25,25.0,1.0
MSP,XWA,217,217.0,1.0
MSY,AUS,93,93.0,1.0
MSY,IAH,1,0.0,0.0
MSY,ORD,22,0.0,0.0
MTJ,DEN,36,0.0,0.0
MTJ,LAX,32,0.0,0.0
MTJ,ORD,25,0.0,0.0
MTJ,SFO,24,0.0,0.0
OAK,LAX,1,0.0,0.0
OAK,SEA,41,0.0,0.0
OAK,SLC,233,233.0,1.0
OKC,DEN,383,0.0,0.0
OKC,DFW,31,0.0,0.0
OKC,IAH,320,0.0,0.0
OKC,LAX,203,0.0,0.0
OKC,LGA,62,62.0,1.0
OKC,MSP,93,93.0,1.0
OKC,ORD,412,0.0,0.0
OKC,PHX,163,0.0,0.0
OKC,SLC,177,177.0,1.0
OMA,DEN,71,0.0,0.0
OMA,DFW,2,0.0,0.0
OMA,DTW,282,282.0,1.0
OMA,IAH,40,0.0,0.0
OMA,LAX,115,0.0,0.0
OMA,LGA,31,31.0,1.0
OMA,MSP,344,344.0,1.0
OMA,ORD,83,0.0,0.0
OMA,PHX,18,0.0,0.0
OMA,SFO,97,0.0,0.0
OMA,SLC,177,177.0,1.0
ONT,AUS,1,1.0,1.0
ONT,PDX,52,0.0,0.0
ONT,PHX,54,0.0,0.0
ONT,SEA,250,249.0,0.996
ONT,SFO,59,0.0,0.0
ONT,SLC,59,59.0,1.0
ORD,ABE,53,0.0,0.0
ORD,ABQ,63,0.0,0.0
ORD,ACK,8,0.0,0.0
ORD,ALB,41,0.0,0.0
ORD,ASE,351,0.0,0.0
ORD,ATL,1,0.0,0.0
ORD,ATW,421,0.0,0.0
ORD,AVL,113,0.0,0.0
ORD,BDL,38,0.0,0.0
ORD,BHM,8,0.0,0.0
ORD,BIL,31,0.0,0.0
ORD,BNA,408,0.0,0.0
ORD,BOI,149,0.0,0.0
ORD,BTV,74,0.0,0.0
ORD,BUF,55,0.0,0.0
ORD,BWI,15,0.0,0.0
ORD,BZN,38,0.0,0.0
ORD,CAE,106,0.0,0.0
ORD,CAK,314,0.0,0.0
ORD,CHA,118,0.0,0.0
ORD,CHO,208,0.0,0.0
ORD,CID,183,0.0,0.0
ORD,CIU,31,0.0,0.0
ORD,CLE,219,0.0,0.0
ORD,CLT,26,0.0,0.0
ORD,CMH,122,0.0,0.0
ORD,CMX,207,0.0,0.0
ORD,COS,166,0.0,0.0
ORD,COU,93,0.0,0.0
ORD,CRW,219,0.0,0.0
ORD,CVG,128,0.0,0.0
ORD,DAY,161,0.0,0.0
ORD,DCA,30,0.0,0.0
ORD,DEC,160,0.0,0.0
ORD,DLH,226,0.0,0.0
ORD,DSM,214,0.0,0.0
ORD,DTW,474,46.0,0.0970464135021097
ORD,EAU,159,0.0,0.0
ORD,ECP,29,0.0,0.0
ORD,ELP,33,0.0,0.0
ORD,FAR,268,0.0,0.0
ORD,FCA,38,0.0,0.0
ORD,FNT,392,0.0,0.0
ORD,FOD,160,0.0,0.0
ORD,FSD,205,0.0,0.0
ORD,FWA,414,0.0,0.0
ORD,GEG,91,0.0,0.0
ORD,GRB,318,0.0,0.0
ORD,GRR,180,0.0,0.0
ORD,GSO,102,0.0,0.0
ORD,GSP,69,0.0,0.0
ORD,GTF,4,0.0,0.0
ORD,GUC,2,0.0,0.0
ORD,HSV,206,0.0,0.0
ORD,ICT,298,0.0,0.0
ORD,ILM,31,0.0,0.0
ORD,IND,139,0.0,0.0
ORD,JAX,27,0.0,0.0
ORD,JFK,31,31.0,1.0
ORD,JLN,93,0.0,0.0
ORD,JST,93,0.0,0.0
ORD,LAF,49,0.0,0.0
ORD,LEX,234,0.0,0.0
ORD,LGA,123,49.0,0.3983739837398374
ORD,LIT,23,0.0,0.0
ORD,LNK,280,0.0,0.0
ORD,MBS,265,0.0,0.0
ORD,MCI,143,0.0,0.0
ORD,MCW,160,0.0,0.0
ORD,MDT,39,0.0,0.0
ORD,MEM,134,0.0,0.0
ORD,MGW,93,0.0,0.0
ORD,MHK,87,0.0,0.0
ORD,MKE,908,0.0,0.0
ORD,MLI,181,0.0,0.0
ORD,MSN,296,0.0,0.0
ORD,MSP,117,111.0,0.9487179487179487
ORD,MSY,22,0.0,0.0
ORD,MTJ,25,0.0,0.0
ORD,OKC,411,0.0,0.0
ORD,OMA,84,0.0,0.0
ORD,ORF,35,0.0,0.0
ORD,PIA,342,0.0,0.0
ORD,PIT,62,0.0,0.0
ORD,PLN,64,0.0,0.0
ORD,PVD,86,0.0,0.0
ORD,PWM,61,0.0,0.0
ORD,RAP,40,0.0,0.0
ORD,RHI,62,0.0,0.0
ORD,RIC,164,0.0,0.0
ORD,ROA,162,0.0,0.0
ORD,ROC,27,0.0,0.0
ORD,RST,140,0.0,0.0
ORD,SAF,5,0.0,0.0
ORD,SAT,16,0.0,0.0
ORD,SAV,65,0.0,0.0
ORD,SBN,616,0.0,0.0
ORD,SCE,57,0.0,0.0
ORD,SDF,172,0.0,0.0
ORD,SGF,68,0.0,0.0
ORD,SLC,67,0.0,0.0
ORD,SLN,93,0.0,0.0
ORD,SPI,20,0.0,0.0
ORD,SRQ,2,0.0,0.0
ORD,STL,153,0.0,0.0
ORD,SUN,106,0.0,0.0
ORD,SUX,93,0.0,0.0
ORD,SYR,34,0.0,0.0
ORD,TUL,251,0.0,0.0
ORD,TUS,135,0.0,0.0
ORD,TVC,190,0.0,0.0
ORD,TYS,155,0.0,0.0
ORD,XNA,57,0.0,0.0
ORF,DTW,56,56.0,1.0
ORF,MSP,1,1.0,1.0
ORF,ORD,36,0.0,0.0
OTH,DEN,31,0.0,0.0
OTH,SFO,66,0.0,0.0
PDX,BOI,134,0.0,0.0
PDX,BUR,4,0.0,0.0
PDX,BZN,3,0.0,0.0
PDX,DEN,2,0.0,0.0
PDX,EUG,78,0.0,0.0
PDX,FAT,165,0.0,0.0
PDX,FCA,6,0.0,0.0
PDX,GEG,111,0.0,0.0
PDX,LAX,142,0.0,0.0
PDX,MFR,25,0.0,0.0
PDX,ONT,52,0.0,0.0
PDX,PHX,1,0.0,0.0
PDX,PSP,72,0.0,0.0
PDX,RDM,31,0.0,0.0
PDX,RNO,76,0.0,0.0
PDX,SBP,5,0.0,0.0
PDX,SEA,811,552.0,0.6806411837237978
PDX,SFO,114,0.0,0.0
PDX,SJC,113,0.0,0.0
PDX,SLC,180,0.0,0.0
PDX,SMF,148,0.0,0.0
PDX,STS,65,0.0,0.0
PDX,TUS,96,0.0,0.0
PHL,DTW,22,22.0,1.0
PHX,ABQ,134,0.0,0.0
PHX,ASE,62,0.0,0.0
PHX,BFL,120,0.0,0.0
PHX,BOI,262,0.0,0.0
PHX,BUR,183,0.0,0.0
PHX,CID,158,0.0,0.0
PHX,DRO,233,0.0,0.0
PHX,DSM,35,0.0,0.0
PHX,EGE,67,0.0,0.0
PHX,ELP,214,0.0,0.0
PHX,FAT,183,0.0,0.0
PHX,FLG,258,0.0,0.0
PHX,FSD,61,0.0,0.0
PHX,GJT,240,0.0,0.0
PHX,IAH,48,0.0,0.0
PHX,ICT,122,0.0,0.0
PHX,IDA,62,0.0,0.0
PHX,LAX,542,404.0,0.7453874538745388
PHX,LBB,36,0.0,0.0
PHX,MAF,93,0.0,0.0
PHX,MCI,33,0.0,0.0
PHX,MEM,10,0.0,0.0
PHX,MFR,132,0.0,0.0
PHX,MRY,227,0.0,0.0
PHX,OKC,165,0.0,0.0
PHX,OMA,18,0.0,0.0
PHX,ONT,54,0.0,0.0
PHX,PDX,1,0.0,0.0
PHX,PSC,184,0.0,0.0
PHX,PSP,169,0.0,0.0
PHX,PVU,88,0.0,0.0
PHX,RDM,1,0.0,0.0
PHX,RNO,18,0.0,0.0
PHX,SAF,106,0.0,0.0
PHX,SAN,41,0.0,0.0
PHX,SBA,110,0.0,0.0
PHX,SBP,118,0.0,0.0
PHX,SEA,250,0.0,0.0
PHX,SFO,112,0.0,0.0
PHX,SGU,212,0.0,0.0
PHX,SJC,61,0.0,0.0
PHX,SLC,260,9.0,0.03461538461538462
PHX,SMF,85,0.0,0.0
PHX,SMX,62,0.0,0.0
PHX,STL,26,0.0,0.0
PHX,STS,34,0.0,0.0
PHX,SUN,23,0.0,0.0
PHX,TUL,123,0.0,0.0
PHX,TUS,588,0.0,0.0
PHX,YUM,282,0.0,0.0
PIA,DEN,62,0.0,0.0
PIA,ORD,341,0.0,0.0
PIB,IAH,160,0.0,0.0
PIH,SLC,129,129.0,1.0
PIR,DEN,53,0.0,0.0
PIT,DTW,175,175.0,1.0
PIT,IAH,3,0.0,0.0
PIT,LGA,27,27.0,1.0
PIT,MSP,38,38.0,1.0
PIT,ORD,62,0.0,0.0
PLN,DTW,169,169.0,1.0
PLN,ORD,64,0.0,0.0
PNS,IAH,54,0.0,0.0
PRC,DEN,124,0.0,0.0
PRC,LAX,93,0.0,0.0
PSC,BUR,31,0.0,0.0
PSC,DEN,124,0.0,0.0
PSC,LAX,83,0.0,0.0
PSC,MSP,53,53.0,1.0
PSC,PHX,184,0.0,0.0
PSC,SEA,387,269.0,0.6950904392764858
PSC,SFO,172,0.0,0.0
PSC,SLC,239,239.0,1.0
PSP,AUS,31,31.0,1.0
PSP,DEN,147,0.0,0.0
PSP,IAH,8,0.0,0.0
PSP,LAX,84,0.0,0.0
PSP,PDX,72,0.0,0.0
PSP,PHX,170,0.0,0.0
PSP,SEA,80,0.0,0.0
PSP,SFO,504,0.0,0.0
PSP,SLC,222,222.0,1.0
PSP,STS,23,0.0,0.0
PVD,DTW,135,135.0,1.0
PVD,ORD,86,0.0,0.0
PVU,DFW,248,0.0,0.0
PVU,PHX,88,0.0,0.0
PWM,DTW,42,42.0,1.0
PWM,IAH,4,0.0,0.0
PWM,ORD,61,0.0,0.0
RAP,DEN,541,0.0,0.0
RAP,MSP,27,27.0,1.0
RAP,ORD,41,0.0,0.0
RDD,DEN,62,0.0,0.0
RDD,LAX,92,0.0,0.0
RDD,SEA,42,0.0,0.0
RDD,SFO,257,0.0,0.0
RDM,BUR,31,0.0,0.0
RDM,LAX,93,0.0,0.0
RDM,PDX,31,0.0,0.0
RDM,PHX,1,0.0,0.0
RDM,SAN,31,0.0,0.0
RDM,SEA,328,259.0,0.7896341463414634
RDM,SFO,175,0.0,0.0
RDM,SLC,186,186.0,1.0
RDU,AUS,53,53.0,1.0
RDU,CVG,26,26.0,1.0
RDU,JFK,4,4.0,1.0
RDU,LGA,28,28.0,1.0
RDU,MSP,2,2.0,1.0
RHI,MSP,184,184.0,1.0
RHI,ORD,62,0.0,0.0
RIC,CLT,15,0.0,0.0
RIC,DTW,150,150.0,1.0
RIC,ORD,163,0.0,0.0
RIW,CPR,1,0.0,0.0
RIW,DEN,186,0.0,0.0
RKS,DEN,186,0.0,0.0
RNO,LAX,558,275.0,0.492831541218638
RNO,PDX,76,0.0,0.0
RNO,PHX,19,0.0,0.0
RNO,SAN,43,0.0,0.0
RNO,SEA,31,0.0,0.0
RNO,SFO,293,0.0,0.0
RNO,SLC,115,115.0,1.0
ROA,ORD,163,0.0,0.0
ROC,DTW,114,114.0,1.0
ROC,LGA,27,27.0,1.0
ROC,ORD,27,0.0,0.0
ROW,DFW,235,0.0,0.0
RST,MSP,46,46.0,1.0
RST,ORD,139,0.0,0.0
SAF,DEN,375,0.0,0.0
SAF,DFW,402,0.0,0.0
SAF,IAH,4,0.0,0.0
SAF,LAX,31,0.0,0.0
SAF,ORD,5,0.0,0.0
SAF,PHX,106,0.0,0.0
SAN,AUS,210,0.0,0.0
SAN,BOI,128,0.0,0.0
SAN,BZN,24,0.0,0.0
SAN,DEN,36,0.0,0.0
SAN,EGE,29,0.0,0.0
SAN,EUG,57,0.0,0.0
SAN,FAT,239,0.0,0.0
SAN,FCA,18,0.0,0.0
SAN,HDN,26,0.0,0.0
SAN,JAC,44,0.0,0.0
SAN,LAS,466,213.0,0.4570815450643777
SAN,LAX,579,314.0,0.542314335060449
SAN,MRY,135,0.0,0.0
SAN,MSO,4,0.0,0.0
SAN,PHX,40,0.0,0.0
SAN,RDM,31,0.0,0.0
SAN,RNO,41,0.0,0.0
SAN,SBP,184,0.0,0.0
SAN,SEA,2,0.0,0.0
SAN,SFO,417,0.0,0.0
SAN,SJC,277,0.0,0.0
SAN,SLC,126,9.0,0.07142857142857142
SAN,SMF,299,0.0,0.0
SAN,STS,168,0.0,0.0
SAT,DEN,5,0.0,0.0
SAT,DFW,81,0.0,0.0
SAT,IAH,4,0.0,0.0
SAT,LAX,155,0.0,0.0
SAT,ORD,16,0.0,0.0
SAT,SFO,6,0.0,0.0
SAV,DEN,54,0.0,0.0
SAV,DTW,33,33.0,1.0
SAV,ORD,65,0.0,0.0
SBA,LAX,179,0.0,0.0
SBA,PHX,110,0.0,0.0
SBA,SEA,31,0.0,0.0
SBA,SFO,88,0.0,0.0
SBA,SLC,150,150.0,1.0
SBN,ATL,262,262.0,1.0
SBN,DFW,243,0.0,0.0
SBN,DTW,151,151.0,1.0
SBN,MSP,93,93.0,1.0
SBN,ORD,615,0.0,0.0
SBP,DEN,93,0.0,0.0
SBP,LAS,48,0.0,0.0
SBP,LAX,176,0.0,0.0
SBP,PDX,5,0.0,0.0
SBP,PHX,118,0.0,0.0
SBP,SAN,184,0.0,0.0
SBP,SFO,270,0.0,0.0
SCE,ORD,57,0.0,0.0
SDF,DTW,132,132.0,1.0
SDF,LGA,27,27.0,1.0
SDF,MSP,133,133.0,1.0
SDF,ORD,172,0.0,0.0
SEA,BLI,335,0.0,0.0
SEA,BOI,797,594.0,0.7452948557089084
SEA,BZN,182,160.0,0.8791208791208791
SEA,DEN,106,106.0,1.0
SEA,EGE,26,0.0,0.0
SEA,EUG,345,259.0,0.7507246376811594
SEA,FAT,159,0.0,0.0
SEA,FCA,6,0.0,0.0
SEA,GEG,809,663.0,0.8195302843016069
SEA,GTF,51,0.0,0.0
SEA,HDN,13,0.0,0.0
SEA,HLN,26,0.0,0.0
SEA,IDA,11,0.0,0.0
SEA,JAC,77,0.0,0.0
SEA,LAS,15,0.0,0.0
SEA,LAX,300,0.0,0.0
SEA,LWS,93,93.0,1.0
SEA,MFR,277,259.0,0.9350180505415162
SEA,MRY,14,0.0,0.0
SEA,OAK,41,0.0,0.0
SEA,ONT,249,249.0,1.0
SEA,PDX,773,553.0,0.7153945666235446
SEA,PHX,250,0.0,0.0
SEA,PSC,385,269.0,0.6987012987012987
SEA,PSP,79,0.0,0.0
SEA,RDD,42,0.0,0.0
SEA,RDM,328,259.0,0.7896341463414634
SEA,RNO,32,0.0,0.0
SEA,SAN,3,0.0,0.0
SEA,SBA,31,0.0,0.0
SEA,SFO,262,191.0,0.7290076335877863
SEA,SJC,357,353.0,0.988795518207283
SEA,SLC,99,0.0,0.0
SEA,SMF,468,374.0,0.7991452991452992
SEA,SNA,76,76.0,1.0
SEA,STS,51,0.0,0.0
SEA,SUN,9,9.0,1.0
SEA,TUS,62,31.0,0.5
SFO,ABQ,162,0.0,0.0
SFO,ACV,301,0.0,0.0
SFO,ASE,163,0.0,0.0
SFO,AUS,6,0.0,0.0
SFO,BFL,156,0.0,0.0
SFO,BIH,82,0.0,0.0
SFO,BOI,344,0.0,0.0
SFO,BUR,364,0.0,0.0
SFO,BZN,3,0.0,0.0
SFO,DFW,4,0.0,0.0
SFO,EGE,63,0.0,0.0
SFO,EUG,84,0.0,0.0
SFO,FAT,299,0.0,0.0
SFO,FCA,67,0.0,0.0
SFO,GEG,189,0.0,0.0
SFO,HDN,12,0.0,0.0
SFO,JAC,34,0.0,0.0
SFO,LAS,40,0.0,0.0
SFO,LAX,579,0.0,0.0
SFO,MCI,98,0.0,0.0
SFO,MFR,150,0.0,0.0
SFO,MRY,164,0.0,0.0
SFO,MSO,40,0.0,0.0
SFO,MSP,94,0.0,0.0
SFO,MTJ,24,0.0,0.0
SFO,OMA,97,0.0,0.0
SFO,ONT,58,0.0,0.0
SFO,OTH,66,0.0,0.0
SFO,PDX,115,0.0,0.0
SFO,PHX,112,0.0,0.0
SFO,PSC,172,0.0,0.0
SFO,PSP,504,0.0,0.0
SFO,RDD,257,0.0,0.0
SFO,RDM,175,0.0,0.0
SFO,RNO,291,0.0,0.0
SFO,SAN,416,0.0,0.0
SFO,SAT,6,0.0,0.0
SFO,SBA,86,0.0,0.0
SFO,SBP,270,0.0,0.0
SFO,SEA,262,191.0,0.7290076335877863
SFO,SLC,293,4.0,0.013651877133105802
SFO,SMF,316,0.0,0.0
SFO,SNA,751,0.0,0.0
SFO,STL,42,0.0,0.0
SFO,SUN,120,0.0,0.0
SFO,TUS,229,0.0,0.0
SGF,ATL,65,65.0,1.0
SGF,DEN,310,0.0,0.0
SGF,IAH,119,0.0,0.0
SGF,ORD,67,0.0,0.0
SGU,DEN,268,0.0,0.0
SGU,DFW,155,0.0,0.0
SGU,LAX,92,0.0,0.0
SGU,PHX,212,0.0,0.0
SGU,SLC,348,348.0,1.0
SHR,DEN,186,0.0,0.0
SHV,ATL,248,248.0,1.0
SHV,CLT,91,0.0,0.0
SHV,DEN,93,0.0,0.0
SHV,DFW,270,0.0,0.0
SHV,IAH,259,0.0,0.0
SJC,BOI,80,0.0,0.0
SJC,BUR,2,0.0,0.0
SJC,LAS,49,42.0,0.8571428571428571
SJC,LAX,628,549.0,0.8742038216560509
SJC,PDX,113,0.0,0.0
SJC,PHX,61,0.0,0.0
SJC,SAN,277,0.0,0.0
SJC,SEA,357,353.0,0.988795518207283
SJC,SLC,82,82.0,1.0
SJC,SNA,2,0.0,0.0
SJT,DFW,278,0.0,0.0
SLC,ABQ,293,293.0,1.0
SLC,AUS,32,32.0,1.0
SLC,BIL,173,173.0,1.0
SLC,BOI,99,99.0,1.0
SLC,BTM,90,90.0,1.0
SLC,BUR,214,214.0,1.0
SLC,BZN,170,170.0,1.0
SLC,CDC,160,160.0,1.0
SLC,COS,148,148.0,1.0
SLC,DEN,291,0.0,0.0
SLC,EKO,128,128.0,1.0
SLC,EUG,186,186.0,1.0
SLC,FAT,314,314.0,1.0
SLC,FCA,201,201.0,1.0
SLC,GEG,169,169.0,1.0
SLC,GJT,140,140.0,1.0
SLC,GTF,262,262.0,1.0
SLC,HLN,184,184.0,1.0
SLC,IAH,18,0.0,0.0
SLC,IDA,197,197.0,1.0
SLC,JAC,138,138.0,1.0
SLC,LAS,3,3.0,1.0
SLC,LAX,233,0.0,0.0
SLC,LGB,159,159.0,1.0
SLC,LIT,31,31.0,1.0
SLC,LWS,93,93.0,1.0
SLC,MFR,186,186.0,1.0
SLC,MKE,8,8.0,1.0
SLC,MSO,166,166.0,1.0
SLC,OAK,233,233.0,1.0
SLC,OKC,177,177.0,1.0
SLC,OMA,177,177.0,1.0
SLC,ONT,59,59.0,1.0
SLC,ORD,69,0.0,0.0
SLC,PDX,181,1.0,0.0055248618784530384
SLC,PHX,262,9.0,0.03435114503816794
SLC,PIH,128,128.0,1.0
SLC,PSC,239,239.0,1.0
SLC,PSP,222,222.0,1.0
SLC,RDM,186,186.0,1.0
SLC,RNO,115,115.0,1.0
SLC,SAN,125,9.0,0.072
SLC,SBA,150,150.0,1.0
SLC,SEA,99,0.0,0.0
SLC,SFO,291,4.0,0.013745704467353952
SLC,SGU,348,348.0,1.0
SLC,SJC,84,84.0,1.0
SLC,SMF,4,4.0,1.0
SLC,SNA,23,23.0,1.0
SLC,SUN,277,277.0,1.0
SLC,TUL,150,150.0,1.0
SLC,TUS,276,276.0,1.0
SLC,TWF,184,184.0,1.0
SLC,WYS,36,36.0,1.0
SLC,XNA,61,61.0,1.0
SLN,DEN,93,0.0,0.0
SLN,IAH,61,0.0,0.0
SLN,ORD,92,0.0,0.0
SMF,BOI,15,0.0,0.0
SMF,LAS,170,170.0,1.0
SMF,LAX,844,470.0,0.556872037914692
SMF,PDX,148,0.0,0.0
SMF,PHX,85,0.0,0.0
SMF,SAN,299,0.0,0.0
SMF,SEA,468,374.0,0.7991452991452992
SMF,SFO,316,0.0,0.0
SMF,SLC,4,4.0,1.0
SMF,TUS,26,0.0,0.0
SMX,PHX,62,0.0,0.0
SNA,LAS,209,209.0,1.0
SNA,SEA,76,76.0,1.0
SNA,SFO,753,0.0,0.0
SNA,SLC,23,23.0,1.0
SNA,STS,170,0.0,0.0
SNA,TUS,62,0.0,0.0
SPI,ORD,20,0.0,0.0
SPS,DFW,111,0.0,0.0
SRQ,IAH,2,0.0,0.0
SRQ,ORD,2,0.0,0.0
STL,DEN,31,0.0,0.0
STL,DFW,39,0.0,0.0
STL,DTW,43,43.0,1.0
STL,IAH,23,0.0,0.0
STL,LAX,62,0.0,0.0
STL,MSP,86,86.0,1.0
STL,ORD,153,0.0,0.0
STL,PHX,26,0.0,0.0
STL,SFO,42,0.0,0.0
STS,BUR,85,0.0,0.0
STS,LAS,49,0.0,0.0
STS,LAX,161,0.0,0.0
STS,PDX,65,0.0,0.0
STS,PHX,34,0.0,0.0
STS,PSP,23,0.0,0.0
STS,SAN,168,0.0,0.0
STS,SEA,51,0.0,0.0
STS,SNA,170,0.0,0.0
SUN,DEN,186,0.0,0.0
SUN,LAX,143,9.0,0.06293706293706294
SUN,ORD,106,0.0,0.0
SUN,PHX,23,0.0,0.0
SUN,SEA,9,9.0,1.0
SUN,SFO,118,0.0,0.0
SUN,SLC,277,277.0,1.0
SUX,DEN,119,0.0,0.0
SUX,ORD,93,0.0,0.0
SWO,DFW,124,0.0,0.0
SYR,DTW,107,107.0,1.0
SYR,MSP,4,4.0,1.0
SYR,ORD,33,0.0,0.0
TLH,DFW,4,0.0,0.0
TRI,ATL,28,28.0,1.0
TUL,DEN,302,0.0,0.0
TUL,DFW,39,0.0,0.0
TUL,IAH,143,0.0,0.0
TUL,LAX,87,0.0,0.0
TUL,ORD,253,0.0,0.0
TUL,PHX,122,0.0,0.0
TUL,SLC,150,150.0,1.0
TUS,DEN,167,0.0,0.0
TUS,IAH,29,0.0,0.0
TUS,LAX,541,249.0,0.4602587800369686
TUS,ORD,134,0.0,0.0
TUS,PDX,96,0.0,0.0
TUS,PHX,588,0.0,0.0
TUS,SEA,62,31.0,0.5
TUS,SFO,229,0.0,0.0
TUS,SLC,276,276.0,1.0
TUS,SMF,26,0.0,0.0
TUS,SNA,62,0.0,0.0
TVC,DTW,173,173.0,1.0
TVC,IAH,31,0.0,0.0
TVC,MSP,58,58.0,1.0
TVC,ORD,190,0.0,0.0
TWF,SLC,184,184.0,1.0
TXK,DFW,62,0.0,0.0
TYR,DFW,186,0.0,0.0
TYS,DEN,148,0.0,0.0
TYS,DFW,4,0.0,0.0
TYS,ORD,156,0.0,0.0
VCT,IAH,165,0.0,0.0
WYS,DEN,36,0.0,0.0
WYS,SLC,36,36.0,1.0
XNA,ATL,119,119.0,1.0
XNA,DEN,185,0.0,0.0
XNA,DFW,11,0.0,0.0
XNA,IAH,22,0.0,0.0
XNA,LAX,93,0.0,0.0
XNA,MSP,25,25.0,1.0
XNA,ORD,58,0.0,0.0
XNA,SLC,61,61.0,1.0
XWA,DEN,361,0.0,0.0
XWA,MSP,217,217.0,1.0
YUM,DFW,68,0.0,0.0
YUM,PHX,282,0.0,0.0
